Advisor_ID,Advisor_Name,TL_ID,TL_Name,AM_ID,AM_Name
ADV_001,Amit Sharma,TL_01,Kavita Singh,AM_01,Rajesh Kumar
ADV_002,Priyanka Gupta,TL_01,Kavita Singh,AM_01,Rajesh Kumar
ADV_003,Rahul Singh,TL_01,Kavita Singh,AM_01,Rajesh Kumar
ADV_004,Sneha Kumar,TL_01,Kavita Singh,AM_01,Rajesh Kumar
ADV_005,Vijay Patel,TL_01,Kavita Singh,AM_01,Rajesh Kumar
ADV_006,Ritu Joshi,TL_01,Kavita Singh,AM_01,Rajesh Kumar
ADV_007,Kiran Nair,TL_02,Deepak Rao,AM_01,Rajesh Kumar
ADV_008,Manish Rao,TL_02,Deepak Rao,AM_01,Rajesh Kumar
ADV_009,Divya Das,TL_02,Deepak Rao,AM_01,Rajesh Kumar
ADV_010,Saurabh Mehta,TL_02,Deepak Rao,AM_01,Rajesh Kumar
ADV_011,Ananya Reddy,TL_02,Deepak Rao,AM_01,Rajesh Kumar
ADV_012,Nikhil Pillai,TL_02,Deepak Rao,AM_01,Rajesh Kumar
ADV_013,Pooja Bhat,TL_03,Priya Nair,AM_01,Rajesh Kumar
ADV_014,Ravi Tiwari,TL_03,Priya Nair,AM_01,Rajesh Kumar
ADV_015,Kavitha Verma,TL_03,Priya Nair,AM_01,Rajesh Kumar
ADV_016,Arjun Agarwal,TL_03,Priya Nair,AM_01,Rajesh Kumar
ADV_017,Swati Mishra,TL_03,Priya Nair,AM_01,Rajesh Kumar
ADV_018,Tarun Chaudhary,TL_03,Priya Nair,AM_01,Rajesh Kumar
ADV_019,Nidhi Dubey,TL_04,Suresh Pillai,AM_02,Sonia Mehta
ADV_020,Harish Iyer,TL_04,Suresh Pillai,AM_02,Sonia Mehta
ADV_021,Sunita Murthy,TL_04,Suresh Pillai,AM_02,Sonia Mehta
ADV_022,Akash Naidu,TL_04,Suresh Pillai,AM_02,Sonia Mehta
ADV_023,Lakshmi Pandey,TL_04,Suresh Pillai,AM_02,Sonia Mehta
ADV_024,Deepa Shukla,TL_04,Suresh Pillai,AM_02,Sonia Mehta
ADV_025,Sanjay Srivastava,TL_05,Meera Joshi,AM_02,Sonia Mehta
ADV_026,Meghna Thakur,TL_05,Meera Joshi,AM_02,Sonia Mehta
ADV_027,Pradeep Trivedi,TL_05,Meera Joshi,AM_02,Sonia Mehta
ADV_028,Asha Malhotra,TL_05,Meera Joshi,AM_02,Sonia Mehta
ADV_029,Girish Kapoor,TL_05,Meera Joshi,AM_02,Sonia Mehta
ADV_030,Vinita Saxena,TL_05,Meera Joshi,AM_02,Sonia Mehta
ADV_031,Suresh Rastogi,TL_06,Rohit Gupta,AM_02,Sonia Mehta
ADV_032,Padma Bhatt,TL_06,Rohit Gupta,AM_02,Sonia Mehta
ADV_033,Ramesh Chopra,TL_06,Rohit Gupta,AM_02,Sonia Mehta
ADV_034,Geetha Gill,TL_06,Rohit Gupta,AM_02,Sonia Mehta
ADV_035,Dinesh Bansal,TL_06,Rohit Gupta,AM_02,Sonia Mehta
ADV_036,Sarita Goyal,TL_06,Rohit Gupta,AM_02,Sonia Mehta
ADV_037,Mahesh Shah,TL_07,Anita Das,AM_03,Arjun Sharma
ADV_038,Usha Doshi,TL_07,Anita Das,AM_03,Arjun Sharma
ADV_039,Ganesh Dalal,TL_07,Anita Das,AM_03,Arjun Sharma
ADV_040,Pushpa Jain,TL_07,Anita Das,AM_03,Arjun Sharma
ADV_041,Srinivas Kothari,TL_07,Anita Das,AM_03,Arjun Sharma
ADV_042,Nalini Modi,TL_07,Anita Das,AM_03,Arjun Sharma
ADV_043,Venkat Parikh,TL_08,Vikram Bhat,AM_03,Arjun Sharma
ADV_044,Rekha Sanghvi,TL_08,Vikram Bhat,AM_03,Arjun Sharma
ADV_045,Bharat Vakil,TL_08,Vikram Bhat,AM_03,Arjun Sharma
ADV_046,Savita Bhavsar,TL_08,Vikram Bhat,AM_03,Arjun Sharma
ADV_047,Naresh Desai,TL_08,Vikram Bhat,AM_03,Arjun Sharma
ADV_048,Kamla Parekh,TL_08,Vikram Bhat,AM_03,Arjun Sharma
ADV_049,Yogesh Phadke,TL_09,Pooja Tiwari,AM_03,Arjun Sharma
ADV_050,Sheela Sathe,TL_09,Pooja Tiwari,AM_03,Arjun Sharma
ADV_051,Vivek Kadam,TL_09,Pooja Tiwari,AM_03,Arjun Sharma
ADV_052,Saroj Patil,TL_09,Pooja Tiwari,AM_03,Arjun Sharma
ADV_053,Umesh Kulkarni,TL_09,Pooja Tiwari,AM_03,Arjun Sharma
ADV_054,Heena Jadhav,TL_09,Pooja Tiwari,AM_03,Arjun Sharma
ADV_055,Mukesh More,TL_10,Anil Verma,AM_03,Arjun Sharma
ADV_056,Vandana Shinde,TL_10,Anil Verma,AM_03,Arjun Sharma
ADV_057,Rajiv Salvi,TL_10,Anil Verma,AM_03,Arjun Sharma
ADV_058,Neeta Gaikwad,TL_10,Anil Verma,AM_03,Arjun Sharma
ADV_059,Lalit Mane,TL_10,Anil Verma,AM_03,Arjun Sharma
ADV_060,Sunanda Sawant,TL_10,Anil Verma,AM_03,Arjun Sharma
